Month,Beginning Balance,Monthly Interest,Accured Interest, Final Balance 
0    ,$           0.00,$           0.00,$           0.00,$      100000.00
1    ,$      100000.00,$         208.33,$         208.33,$       98433.60
2    ,$       98433.60,$         205.07,$         413.40,$       96863.93
3    ,$       96863.93,$         201.80,$         615.20,$       95290.99
4    ,$       95290.99,$         198.52,$         813.73,$       93714.78
5    ,$       93714.78,$         195.24,$        1008.97,$       92135.28
6    ,$       92135.28,$         191.95,$        1200.91,$       90552.50
7    ,$       90552.50,$         188.65,$        1389.56,$       88966.41
8    ,$       88966.41,$         185.35,$        1574.91,$       87377.02
9    ,$       87377.02,$         182.04,$        1756.95,$       85784.32
10   ,$       85784.32,$         178.72,$        1935.66,$       84188.30
11   ,$       84188.30,$         175.39,$        2111.06,$       82588.96
12   ,$       82588.96,$         172.06,$        2283.12,$       80986.28
13   ,$       80986.28,$         168.72,$        2451.84,$       79380.27
14   ,$       79380.27,$         165.38,$        2617.21,$       77770.91
15   ,$       77770.91,$         162.02,$        2779.24,$       76158.19
16   ,$       76158.19,$         158.66,$        2937.90,$       74542.12
17   ,$       74542.12,$         155.30,$        3093.20,$       72922.68
18   ,$       72922.68,$         151.92,$        3245.12,$       71299.87
19   ,$       71299.87,$         148.54,$        3393.66,$       69673.67
20   ,$       69673.67,$         145.15,$        3538.81,$       68044.09
21   ,$       68044.09,$         141.76,$        3680.57,$       66411.11
22   ,$       66411.11,$         138.36,$        3818.93,$       64774.73
23   ,$       64774.73,$         134.95,$        3953.88,$       63134.94
24   ,$       63134.94,$         131.53,$        4085.41,$       61491.74
25   ,$       61491.74,$         128.11,$        4213.51,$       59845.11
26   ,$       59845.11,$         124.68,$        4338.19,$       58195.05
27   ,$       58195.05,$         121.24,$        4459.43,$       56541.55
28   ,$       56541.55,$         117.79,$        4577.23,$       54884.61
29   ,$       54884.61,$         114.34,$        4691.57,$       53224.22
30   ,$       53224.22,$         110.88,$        4802.45,$       51560.37
31   ,$       51560.37,$         107.42,$        4909.87,$       49893.05
32   ,$       49893.05,$         103.94,$        5013.81,$       48222.26
33   ,$       48222.26,$         100.46,$        5114.28,$       46547.98
34   ,$       46547.98,$          96.97,$        5211.25,$       44870.22
35   ,$       44870.22,$          93.48,$        5304.73,$       43188.97
36   ,$       43188.97,$          89.98,$        5394.71,$       41504.21
37   ,$       41504.21,$          86.47,$        5481.18,$       39815.94
38   ,$       39815.94,$          82.95,$        5564.13,$       38124.15
39   ,$       38124.15,$          79.43,$        5643.55,$       36428.84
40   ,$       36428.84,$          75.89,$        5719.44,$       34730.00
41   ,$       34730.00,$          72.35,$        5791.80,$       33027.62
42   ,$       33027.62,$          68.81,$        5860.61,$       31321.69
43   ,$       31321.69,$          65.25,$        5925.86,$       29612.20
44   ,$       29612.20,$          61.69,$        5987.55,$       27899.16
45   ,$       27899.16,$          58.12,$        6045.67,$       26182.55
46   ,$       26182.55,$          54.55,$        6100.22,$       24462.36
47   ,$       24462.36,$          50.96,$        6151.19,$       22738.59
48   ,$       22738.59,$          47.37,$        6198.56,$       21011.22
49   ,$       21011.22,$          43.77,$        6242.33,$       19280.26
50   ,$       19280.26,$          40.17,$        6282.50,$       17545.69
51   ,$       17545.69,$          36.55,$        6319.05,$       15807.51
52   ,$       15807.51,$          32.93,$        6351.98,$       14065.70
53   ,$       14065.70,$          29.30,$        6381.29,$       12320.27
54   ,$       12320.27,$          25.67,$        6406.95,$       10571.20
55   ,$       10571.20,$          22.02,$        6428.98,$        8818.49
56   ,$        8818.49,$          18.37,$        6447.35,$        7062.12
57   ,$        7062.12,$          14.71,$        6462.06,$        5302.10
58   ,$        5302.10,$          11.05,$        6473.11,$        3538.41
59   ,$        3538.41,$           7.37,$        6480.48,$        1771.05
60   ,$        1771.05,$           3.69,$        6484.17,$           0.00
